小区,户型,面积,装修情况,总价,单价
华润二十四城三期 , 3室1厅 , 89.21平米 , 精装 ,240,26903
花样年花郡 , 2室1厅 , 87.82平米 , 简装 ,156,17764
怡安花园 , 1室1厅 , 47.37平米 , 精装 ,72,15200
绿地世纪城 , 2室1厅 , 70.43平米 , 毛坯 ,105,14909
桐梓林欧城 , 3室2厅 , 93.43平米 , 简装 ,230,24618
格调城 , 3室2厅 , 92.13平米 , 毛坯 ,88,9552
望江橡树林一期 , 2室1厅 , 86.12平米 , 简装 ,205,23804
城南晶座 , 3室2厅 , 120.76平米 , 精装 ,172,14244
锦宏翠苑 , 3室2厅 , 132.36平米 , 简装 ,158,11938
天鹅湖花园 , 3室2厅 , 208.01平米 , 毛坯 ,285,13702
华韵天府 , 4室2厅 , 88.01平米 , 简装 ,207,23521
红枫岭三期 , 3室1厅 , 88.36平米 , 精装 ,129,14600
中海城南华府 , 3室2厅 , 133平米 , 毛坯 ,440,33083
融城理想 , 3室2厅 , 133.68平米 , 毛坯 ,248,18552
春天大道 , 3室2厅 , 129.85平米 , 毛坯 ,172,13247
麓山国际拉佩维尔 , 4室2厅 , 154.8平米 , 毛坯 ,310,20026
优地A区 , 3室1厅 , 101.46平米 , 简装 ,185,18234
交大绿岭二期 , 3室2厅 , 111.81平米 , 精装 ,210,18782
金沙愉景二期 , 3室2厅 , 90平米 , 简装 ,152,16889
瑞升望江橡树林二期 , 3室1厅 , 89.31平米 , 精装 ,220,24634
新城市广场 , 1室0厅 , 37.84平米 , 简装 ,80,21142
卓锦城一期 , 3室2厅 , 126.3平米 , 简装 ,200,15836
上东锦城A区 , 2室1厅 , 82.17平米 , 简装 ,115,13996
蓉上坊二期 , 2室1厅 , 91.13平米 , 精装 ,213,23374
航天城上城 , 3室2厅 , 134.94平米 , 毛坯 ,269,19935
外滩 , 2室1厅 , 80.43平米 , 简装 ,185,23002
春天大道 , 3室2厅 , 131.36平米 , 毛坯 ,180,13703
东立国际广场 , 3室2厅 , 89.8平米 , 简装 ,115,12807
正成东区1号 , 2室2厅 , 63.04平米 , 简装,93,14753
顶峰水岸汇景 , 3室2厅 , 149.85平米 , 毛坯 ,308,20554
御源大湖区 , 3室2厅 , 105.4平米 , 简装 ,125,11860
花样年华常青藤 , 2室2厅 , 83.12平米 , 简装 ,87,10467
武海中华锦绣 , 3室2厅 , 85.09平米 , 精装 ,105,12340
中海翠屏湾 , 4室2厅 , 86.7平米 , 精装 ,178,20531
中大君悦金沙五期 , 2室2厅 , 82.43平米 , 简装 ,190,23050
英郡二期 , 4室2厅 , 141.55平米 , 毛坯 ,260,18369
摩玛城 , 1室1厅 , 61.41平米 , 简装 ,95,15470
经天路3号 , 2室2厅 , 69.6平米 , 简装 ,91,13075
和贵久居福 , 2室2厅 , 81.84平米 , 简装 ,100,12219
比华利国际城一期 , 3室2厅 , 129.48平米 , 精装 ,245,18922
天盛壹中心 , 2室1厅 , 82.09平米 , 简装 ,122,14862
恒大名都 , 3室2厅 , 105.04平米 , 精装 ,155,14757
首创万卷山 , 2室2厅 , 67.11平米 , 精装 ,90,13411
尚城东锦 , 2室1厅 , 89.69平米 , 毛坯 ,107,11930
金鱼街72号 , 2室1厅 , 57.04平米 , 简装 ,65,11396
蓝光金楠府 , 2室2厅 , 77.94平米 , 精装 ,139,17835
朝阳时代西锦 , 2室2厅 , 86.76平米 , 简装 ,89,10259
南城都汇汇雅园二期 , 5室2厅 , 211.73平米 , 毛坯 ,390,18420
凯华丽景 , 3室2厅 , 121.8平米 , 毛坯 ,166,13629
心灵家园 , 3室2厅 , 133平米 , 精装 ,280,21053
澳林春天 , 3室2厅 , 104平米 , 精装 ,150,14424
会所花园 , 2室1厅 , 78.53平米 , 精装 ,110,14008
艺雅苑 , 2室1厅 , 53.62平米 , 简装,68,12682
春天大道 , 4室1厅 , 168.71平米 , 毛坯 ,260,15412
佳兆业丽晶港 , 4室2厅 , 113.5平米 , 毛坯 ,165,14538
烽火新区 , 2室2厅 , 62.77平米 , 精装 ,55,8763
天誉南庭 , 3室2厅 , 107.46平米 , 精装 ,354,32943
龙湖三千城A区 , 4室2厅 , 86平米 , 精装 ,249,28954
优客联邦一期 , 2室1厅 , 76.58平米 , 精装 ,145.6,19013
北回归线一期 , 2室2厅 , 81.96平米 , 简装 ,116,14154
万科海悦汇城西区 , 2室2厅 , 56.88平米 , 精装 ,116,20394
天邑宏御花园御苑 , 3室1厅 , 128.73平米 , 简装 ,110,8546
高地 , 3室2厅 , 122.76平米 , 简装 ,210,17107
二十一世纪花园三期 , 3室2厅 , 114平米 , 精装 ,188,16492
锦官新城西区 , 3室2厅 , 127.1平米 , 简装 ,220,17310
金地嘉年华城A区 , 2室2厅 , 79.54平米 , 简装 ,158,19865
加怡名城 , 1室1厅 , 50.03平米 , 简装 ,75,14992
时代天城 , 1室1厅 , 51.29平米 , 精装 ,90,17548
南城都汇汇雅园二期 , 2室2厅 , 85.59平米 , 毛坯 ,198,23134
千禧河畔A区 , 3室1厅 , 81平米 , 简装,100,12346
金茂礼都 , 2室1厅 , 50.65平米 , 简装 ,76,15005
南阳盛世二期 , 3室1厅 , 130平米 , 精装 ,173,13308
华润橡树湾A区 , 2室1厅 , 49.37平米 , 简装 ,66,13369
蓝色空间如意府 , 2室1厅 , 71.64平米 , 简装 ,91,12703
摩玛城 , 2室1厅 , 79.53平米 , 精装 ,160,20119
香格里拉花园 , 2室1厅 , 73.32平米 , 简装 ,150,20459
麓山国际云曦台 , 2室1厅 , 76.5平米 , 精装 ,111,14510
派克公馆 , 2室2厅 , 68.9平米 , 简装 ,79,11466
凯华丽景 , 3室2厅 , 121.63平米 , 精装 ,178,14635
蓝岸丽景 , 3室2厅 , 128.36平米 , 精装 ,160,12465
远大都市风景三期 , 4室1厅 , 127平米 , 简装 ,185,14567
书香府邸二期英伦 , 3室2厅 , 111.78平米 , 精装 ,155,13867
北新润苑一期 , 4室2厅 , 134.24平米 , 精装 ,155,11547
华润橡树湾B区 , 3室2厅 , 125平米 , 毛坯 ,132,10560
光华国际 , 2室2厅 , 91.2平米 , 简装 ,95,10417
中央花园二期 , 3室1厅 , 81.3平米 , 简装 ,92,11317
中铁奥维尔 , 3室2厅 , 87.16平米 , 精装 ,88,10097
蓝光锦绣城二期 , 2室1厅 , 89.9平米 , 毛坯 ,133,14795
中信城右岸 , 3室1厅 , 104.36平米 , 毛坯,146,13991
朗基天香 , 3室2厅 , 95.55平米 , 精装,215,22502
金色鱼凫 , 2室2厅 , 85.72平米 , 精装 ,93,10850
阳曦芙蓉城 , 2室1厅 , 86.84平米 , 简装 ,165,19001
太阳公元一期 , 3室1厅 , 100.86平米 , 精装 ,298,29546
世代锦江华宅 , 4室2厅 , 201.75平米 , 简装 ,405,20075
德商华府天骄 , 4室2厅 , 87.81平米 , 毛坯 ,162,18449
保利花园一期 , 3室2厅 , 136平米 , 毛坯 ,290,21324
鑫苑名家二期 , 3室2厅 , 86平米 , 精装 ,165,19187
首创东公元 , 2室2厅 , 79平米 , 精装 ,110,13925
蓝色港湾 , 2室1厅 , 71.86平米 , 简装,99,13777
东山国际新城H区三期 , 3室1厅 , 81.56平米 , 毛坯 ,88,10790
上东一号一期 , 2室1厅 , 71.93平米 , 精装 ,102,14181
千居朝阳 , 2室2厅 , 82.03平米 , 精装 ,159,19384
中海常春藤花园 , 3室2厅 , 114.72平米 , 简装 ,210,18306
蓝光香境 , 2室2厅 , 72.02平米 , 精装 ,108,14996
燕沙庭院 , 3室2厅 , 118平米 , 简装 ,238,20170
南城都汇汇翠园一期 , 3室2厅 , 147.93平米 , 毛坯 ,275,18590
万科海悦汇城东区 , 2室2厅 , 58.8平米 , 精装 ,112,19048
时代锦城 , 2室2厅 , 77.76平米 , 简装 ,88,11317
凯华丽景 , 3室2厅 , 91.83平米 , 精装 ,150,16335
锦西民宅 , 2室2厅 , 72.55平米 , 精装 ,115,15852
交大卡布里城 , 3室2厅 , 133.56平米 , 毛坯 ,140,10483
汉嘉国际 , 3室2厅 , 111.65平米 , 毛坯 ,130,11644
蜀都苑 , 2室2厅 , 81.18平米 , 简装 ,101,12442
建信奥林匹克花园 , 2室2厅 , 98.79平米 , 简装 ,95,9617
远鸿方程式 , 2室2厅 , 77平米 , 简装 ,122,15845
嘉通云尚 , 2室2厅 , 79.53平米 , 毛坯 ,150,18861
碧园公寓 , 3室2厅 , 148.06平米 , 精装 ,248,16750
蒂梵尼TOWN , 2室2厅 , 78平米 , 毛坯 ,140,17949
汇融悉尼湾库吉岛二期 , 3室2厅 , 122.32平米 , 简装 ,148,12100
香楠湖 , 3室2厅 , 124.56平米 , 简装 ,145,11641
天誉花园 , 3室2厅 , 118.76平米 , 精装 ,390,32840
绿地国际花都三期 , 3室2厅 , 100.84平米 , 简装 ,105,10413
双楠三区 , 2室1厅 , 66.67平米 , 简装 ,80,12000
慕和南道 , 3室2厅 , 105.21平米 , 毛坯 ,169,16064
金科东方雅郡 , 3室1厅 , 92.1平米 , 简装 ,110,11944
美城云庭 , 2室2厅 , 90.62平米 , 简装 ,128,14125
金河谷四期 , 2室2厅 , 80.31平米 , 毛坯 ,99,12328
卓锦城一期 , 2室2厅 , 98.38平米 , 精装 ,155,15756
金座蓉城胜景 , 3室2厅 , 98平米 , 简装 ,118,12041
西江月 , 2室1厅 , 76.17平米 , 精装 ,98,12866
中信城右岸 , 3室2厅 , 84.8平米 , 毛坯,128,15095
水韵尚城 , 3室2厅 , 150.12平米 , 毛坯 ,135,8993
蓝光富丽城 , 3室1厅 , 89.53平米 , 简装 ,122,13627
棕北国际 , 3室1厅 , 98.04平米 , 简装 ,212,21624
蓝光凯丽美域 , 2室2厅 , 70.1平米 , 精装 ,172,24537
鹭湖宫五号社区 , 4室2厅 , 142.23平米 , 毛坯 ,126,8859
金科天籁城 , 2室1厅 , 72.49平米 , 简装,103,14209
水岸格林 , 2室2厅 , 75平米 , 简装 ,132,17600
中铁伊萨贝拉 , 3室2厅 , 143平米 , 毛坯 ,150,10490
远大都市风景三期 , 4室2厅 , 125.49平米 , 毛坯 ,190,15141
碧华邻 , 2室1厅 , 93.8平米 , 精装 ,213,22708
东洪广厦 , 3室2厅 , 87.96平米 , 精装 ,145,16485
风华庭 , 2室1厅 , 86.95平米 , 精装 ,154,17712
红枫岭三期 , 3室2厅 , 90.18平米 , 精装 ,153,16967
中海翠屏湾 , 3室2厅 , 87.28平米 , 精装 ,185,21197
听城 , 3室1厅 , 89.58平米 , 精装 ,223,24894
蓝光SOFA社区 , 2室1厅 , 79.68平米 , 精装 ,150,18826
瑞升花园 , 3室2厅 , 136平米 , 精装 ,198,14559
海成大厦 , 3室2厅 , 167.82平米 , 精装 ,230,13706
金茂光明城市 , 3室2厅 , 113.39平米 , 简装 ,175,15434
新和理想家 , 3室2厅 , 112.51平米 , 精装 ,209,18577
武海中华锦绣 , 2室1厅 , 79.86平米 , 精装 ,116,14526
馨宁居二期 , 2室1厅 , 81.84平米 , 简装 ,99,12097
东城拐下街1号 , 3室1厅 , 77.43平米 , 简装 ,95,12270
高家庄赞城 , 2室1厅 , 66.3平米 , 精装 ,95,14329
西财学府憬城 , 3室2厅 , 93.12平米 , 简装 ,100,10739
瑞升南园 , 3室1厅 , 100.35平米 , 简装 ,152,15147
鑫苑名家二期 , 2室1厅 , 64.27平米 , 精装 ,117,18205
金象嘉园 , 2室1厅 , 67.97平米 , 简装 ,84.6,12447
石人巷6号 , 3室2厅 , 100.44平米 , 简装 ,108,10753
启明花园 , 3室2厅 , 136.5平米 , 简装 ,89,6521
新都国际广场一期 , 3室2厅 , 95.99平米 , 精装 ,105,10939
天鹅湖花园 , 3室1厅 , 200.37平米 , 精装 ,450,22459
地源吾舍 , 2室1厅 , 63.95平米 , 简装 ,83,12979
上霖东方 , 2室1厅 , 55.84平米 , 简装 ,88,15760
东苑D区 , 3室2厅 , 135.5平米 , 毛坯 ,258,19041
远大中央公园一期 , 3室2厅 , 100.11平米 , 毛坯,150,14984
中海新华府 , 2室2厅 , 66.52平米 , 毛坯 ,132,19844
东山国际新城H区三期 , 3室2厅 , 78.25平米 , 简装,95,12141
成都花园翠雍华庭 , 3室2厅 , 144.48平米 , 毛坯 ,288,19934
时代睿城 , 3室1厅 , 80.58平米 , 毛坯 ,79,9804
凯德世纪名邸 , 3室2厅 , 95.1平米 , 简装,215,22608
东原时光道 , 3室2厅 , 89.89平米 , 毛坯 ,165,18356
东方新城一期 , 2室1厅 , 82.5平米 , 精装 ,113.8,13794
保利叶语 , 3室1厅 , 90.53平米 , 毛坯 ,125,13808
正基城市主场 , 2室1厅 , 56.55平米 , 简装 ,91,16092
明信仕林府 , 3室2厅 , 110.24平米 , 简装,115,10432
派克公馆 , 2室2厅 , 88.88平米 , 精装 ,106,11927
华润幸福里二期 , 2室1厅 , 75.55平米 , 精装 ,165,21840
中铁双龙湾 , 2室2厅 , 85.19平米 , 简装 ,136,15965
合能珍宝琥珀 , 3室1厅 , 81.93平米 , 毛坯 ,95,11596
光华国际 , 2室2厅 , 96.92平米 , 简装 ,98,10112
城南名著 , 2室2厅 , 88.77平米 , 简装 ,140,15772
新里维多利亚公寓 , 2室1厅 , 89.48平米 , 简装 ,180,20117
双楠谊苑一期 , 1室1厅 , 51.81平米 , 简装 ,66,12739
南湖国际社区一期 , 2室1厅 , 76.07平米 , 毛坯 ,115,15118
合能珍宝琥珀 , 2室1厅 , 67.77平米 , 简装 ,82,12100
紫檀 , 3室1厅 , 116平米 , 毛坯 ,280,24138
上锦颐园 , 2室1厅 , 64.1平米 , 精装 ,59.5,9283
华西花园二期 , 2室2厅 , 86.16平米 , 毛坯 ,112,13000
天府长城图南多 , 3室1厅 , 101.08平米 , 简装 ,238,23546
西景花园 , 2室2厅 , 82.74平米 , 简装 ,132,15954
绿地世纪城 , 2室1厅 , 73.98平米 , 精装 ,110,14869
东山国际新城H区二期 , 3室2厅 , 110.51平米 , 精装 ,138,12488
天邑宏御花园御苑 , 3室1厅 , 128.73平米 , 简装 ,110,8546
南阳锦城 , 3室2厅 , 109平米 , 精装 ,156,14312
蓝光圣菲town城 , 2室2厅 , 76.66平米 , 精装 ,111,14480
竹林尚书 , 1室1厅 , 48.86平米 , 精装 ,65,13304
光华杏林 , 1室1厅 , 50.48平米 , 精装 ,67.5,13372
锦西花园一期 , 4室1厅 , 159.33平米 , 精装 ,190,11925
中铁骑士公馆 , 3室2厅 , 79.34平米 , 简装 ,165,20797
神仙树大院五期 , 2室1厅 , 79.79平米 , 精装 ,168,21056
蜀都万达广场 , 2室2厅 , 69.5平米 , 毛坯 ,66,9497
恒大名都 , 3室1厅 , 87平米 , 精装 ,135,15518
华宇天府花城 , 2室2厅 , 64.81平米 , 简装 ,71.5,11033
美宸东方 , 2室1厅 , 84.92平米 , 毛坯,82,9657
华宇阳光水岸 , 2室2厅 , 68.16平米 , 简装 ,110,16139
和睦新天地 , 3室2厅 , 108.07平米 , 简装 ,168,15546
润富国际花园 , 3室2厅 , 144.86平米 , 精装 ,470,32446
香榭名苑 , 3室3厅 , 162.62平米 , 简装 ,270,16604
中粮锦云 , 3室1厅 , 74.39平米 , 毛坯 ,183,24601
心怡中丝园 , 3室1厅 , 87平米 , 毛坯 ,140,16092
五彩城 , 2室2厅 , 74.61平米 , 简装,68,9115
凯德世纪名邸 , 2室2厅 , 69.83平米 , 毛坯,155,22197
华润橡树湾A区 , 2室1厅 , 62.86平米 , 精装 ,83,13204
公元西 , 2室2厅 , 78.67平米 , 简装 ,175,22245
清水河畔 , 3室2厅 , 118.42平米 , 精装 ,169,14272
中铁瑞城锦隆时代 , 2室1厅 , 60.67平米 , 简装 ,115,18956
艺家CLASS , 3室2厅 , 82.68平米 , 毛坯,132,15966
复地雍湖湾 , 4室2厅 , 144.18平米 , 精装 ,380,26356
童子街庭苑 , 3室2厅 , 112.77平米 , 简装 ,240,21283
西城尚锦 , 3室2厅 , 95.8平米 , 精装 ,225,23487
外滩 , 3室1厅 , 90.87平米 , 精装 ,222,24431
英郡三期 , 3室1厅 , 108平米 , 精装 ,225,20834
华都美林湾 , 2室1厅 , 86.5平米 , 简装 ,135,15607
卓锦城六期 , 3室2厅 , 89.49平米 , 精装 ,195,21791
艺锦湾一期 , 3室2厅 , 101.45平米 , 毛坯 ,162,15969
成都后花园三期 , 4室2厅 , 112.64平米 , 精装 ,168,14915
欣茂大峰景 , 3室2厅 , 82.84平米 , 毛坯 ,108,13038
泰丰佳寓 , 3室1厅 , 146.67平米 , 简装 ,230,15682
南湖国际社区 , 4室2厅 , 178.76平米 , 毛坯 ,240,13426
华润翠林华庭 , 3室2厅 , 105.55平米 , 毛坯 ,180,17054
公园大道 , 2室1厅 , 62.71平米 , 毛坯 ,78,12439
槐树苑A区 , 2室1厅 , 63.85平米 , 简装 ,80,12530
蓝光COCO蜜城 , 2室2厅 , 67.2平米 , 毛坯 ,138,20536
天立香缇华府 , 4室2厅 , 108平米 , 毛坯 ,100,9260
东原时光道 , 2室2厅 , 60.03平米 , 精装 ,120,19991
成都花园翠雍华庭 , 3室2厅 , 143.47平米 , 简装 ,285,19865
百花新居 , 2室1厅 , 83.55平米 , 简装 ,92,11012
蓝润棠湖春天V客 , 3室2厅 , 92.53平米 , 精装,120,12969
西线阳光 , 3室2厅 , 88.56平米 , 简装 ,120,13551
龙湖弗莱明戈一期 , 3室2厅 , 83.36平米 , 简装 ,115,13796
齐力花园 , 3室2厅 , 149.18平米 , 简装 ,258,17295
金府花园 , 3室2厅 , 140.79平米 , 简装 ,270,19178
香山半岛 , 2室2厅 , 89.59平米 , 毛坯 ,110,12279
高盛金融中心 , 3室2厅 , 132平米 , 毛坯 ,260,19697
恋日家园G区 , 2室2厅 , 84.6平米 , 简装 ,92,10875
旺府凯旋门 , 2室1厅 , 79.85平米 , 毛坯 ,84,10520
锦绣华都 , 2室2厅 , 77.6平米 , 简装 ,81,10439
浅水半岛三期 , 3室2厅 , 112.76平米 , 精装 ,216,19156
锦洲花园 , 2室1厅 , 70.99平米 , 简装 ,102,14369
果壳里的城 , 4室2厅 , 124.44平米 , 简装 ,170,13662
金沙巷16号 , 3室2厅 , 127平米 , 简装 ,130,10237
美宸东方 , 4室2厅 , 88.2平米 , 毛坯,105,11905
润和原筑 , 3室1厅 , 150.98平米 , 简装 ,149,9869
融城后街 , 3室1厅 , 78.42平米 , 简装 ,132,16833
上东花园二期 , 2室1厅 , 72.27平米 , 毛坯 ,79,10932
中铁骑士公馆 , 2室1厅 , 69.86平米 , 精装 ,138,19754
西西里一期 , 1室1厅 , 56.33平米 , 精装 ,90,15978
上道西城 , 2室1厅 , 80.38平米 , 简装 ,106,13188
紫东芯座 , 2室1厅 , 89.73平米 , 简装 ,170,18946
仁美大源印象 , 3室2厅 , 89.03平米 , 精装,175,19657
戛纳湾滨江 , 2室1厅 , 61.85平米 , 精装 ,101,16330
恒大绿洲 , 3室2厅 , 108平米 , 精装 ,150,13889
蓝光富丽花城 , 3室2厅 , 83.08平米 , 精装 ,128,15407
天立广场 , 2室2厅 , 76.51平米 , 精装 ,88,11502
百吉街52号 , 1室1厅 , 53.24平米 , 简装 ,65,12209
上海东韵 , 2室1厅 , 90.12平米 , 简装 ,185,20529
百悦天鹅湖 , 2室2厅 , 82.77平米 , 精装 ,116,14015
兴元嘉园 , 3室2厅 , 103.4平米 , 精装 ,130,12573
黄忠爱丽舍 , 2室1厅 , 69.22平米 , 简装 ,95,13725
傲城 , 2室2厅 , 70.13平米 , 精装 ,94,13404
电建地产美立方 , 3室1厅 , 76.47平米 , 精装 ,120,15693
卓锦城三期 , 3室2厅 , 131.76平米 , 精装 ,270,20492
南湖国际社区 , 3室2厅 , 124.62平米 , 简装 ,155,12438
远大都市风景二期 , 3室1厅 , 138平米 , 简装 ,215,15580
红树湾 , 2室1厅 , 87.28平米 , 简装 ,138,15812
中信城左岸 , 3室2厅 , 87.61平米 , 简装 ,140,15980
云翔远景 , 2室2厅 , 80.1平米 , 简装 ,120,14982
霏红榭 , 2室2厅 , 86平米 , 毛坯 ,90,10466
德坤海地亚 , 3室2厅 , 103.44平米 , 精装 ,95,9185
麓山印象 , 3室2厅 , 118平米 , 简装 ,140,11865
福兴苑(金牛) , 3室2厅 , 83.3平米 , 简装 ,106,12726
世纪光华 , 2室2厅 , 76.42平米 , 简装 ,70,9160
锦江城市花园三期 , 3室1厅 , 80.76平米 , 精装 ,148,18326
英郡一期 , 3室1厅 , 147.87平米 , 简装 ,298,20153
海伦国际二期 , 2室2厅 , 84.5平米 , 毛坯 ,81,9586
外经委单位房 , 3室2厅 , 129.68平米 , 精装 ,173,13341
华府金沙 , 3室2厅 , 141.97平米 , 简装 ,320,22540
东苑A区 , 3室2厅 , 105.3平米 , 简装 ,225,21368
瑞升望江橡树林二期 , 3室2厅 , 88.78平米 , 简装 ,212,23880
比华利国际城二期 , 3室2厅 , 85.19平米 , 简装 ,175,20543
四季豪廷 , 2室1厅 , 94.54平米 , 精装 ,108,11424
英郡一期 , 3室2厅 , 127.07平米 , 精装 ,258,20304
蓝光COCO金沙一期 , 2室1厅 , 55.62平米 , 简装 ,108,19418
中信未来城南区 , 2室1厅 , 52平米 , 毛坯 ,59,11347
四季映像 , 3室2厅 , 86.69平米 , 精装 ,110,12689
凯华丽景 , 3室2厅 , 94.02平米 , 精装 ,135,14359
锦江城市花园二期 , 2室1厅 , 51.15平米 , 精装 ,86.5,16912
戛纳湾滨江 , 1室1厅 , 46.04平米 , 毛坯 ,70,15205
凯德风尚 , 3室2厅 , 94平米 , 精装 ,165,17554
巷上生活馆 , 2室1厅 , 53.93平米 , 精装 ,82,15205
首创万卷山 , 3室1厅 , 90.8平米 , 精装 ,130,14318
天来国际文化广场 , 3室1厅 , 121.38平米 , 毛坯,126,10381
花样年花郡 , 1室1厅 , 44.1平米 , 简装 ,83,18821
海亮爱金沙 , 2室2厅 , 68.81平米 , 精装 ,122,17730
东原时光道 , 3室2厅 , 80.83平米 , 毛坯,156,19300
恒大名都 , 2室2厅 , 78.03平米 , 毛坯 ,105,13457
华润翠林华庭 , 2室2厅 , 77.31平米 , 简装 ,130,16816
清溪雅筑 , 3室2厅 , 89.33平米 , 精装 ,139,15561
交大万嘉季柳园 , 3室2厅 , 117.94平米 , 毛坯 ,113,9582
万科金域蓝湾一期 , 3室2厅 , 84.6平米 , 精装 ,190,22459
保利叶语 , 2室2厅 , 63.69平米 , 毛坯 ,108,16958
金牛花园 , 3室2厅 , 88.53平米 , 精装 ,125,14120
成电花园桃源苑 , 3室2厅 , 141.08平米 , 简装 ,188,13326
澳林春天 , 2室1厅 , 89.44平米 , 精装 ,126,14088
时代欣城 , 3室2厅 , 86.88平米 , 毛坯 ,110,12662
鹭湖宫七号B组 , 3室2厅 , 88平米 , 简装,105,11932
戛纳湾金棕榈 , 3室2厅 , 89.8平米 , 毛坯 ,146,16259
公园榕郡 , 3室2厅 , 88.4平米 , 简装 ,98,11086
南城都汇汇雅园二期 , 3室2厅 , 137.37平米 , 毛坯 ,282,20529
朗基天香 , 2室1厅 , 74.49平米 , 精装,163,21883
海骏达蜀都1号一期北区 , 3室2厅 , 84.85平米 , 毛坯 ,96,11315
富力桃园B区 , 3室2厅 , 110.25平米 , 简装 ,115,10431
银河花园 , 2室1厅 , 92平米 , 精装 ,96,10435
东原城 , 3室2厅 , 89.23平米 , 毛坯 ,70,7845
水韵尚城 , 3室2厅 , 146.64平米 , 简装 ,118,8047
保利叶语 , 3室2厅 , 82.02平米 , 毛坯 ,120,14631
美年广场美岸 , 3室1厅 , 86.64平米 , 精装 ,205,23662
新桥逸景C区 , 1室1厅 , 55.45平米 , 毛坯 ,55,9919
莲花新区 , 2室2厅 , 91.16平米 , 简装 ,142,15578
东洪广厦 , 3室2厅 , 88.06平米 , 精装 ,153,17375
景尚景一期 , 3室2厅 , 120.87平米 , 简装 ,124,10259
锦江城市花园二期 , 2室1厅 , 71.85平米 , 精装 ,123,17119
印象金沙 , 2室2厅 , 89.35平米 , 简装 ,156,17460
上河苑 , 2室1厅 , 66平米 , 精装,60,9091
中铁西子香荷 , 3室1厅 , 91.69平米 , 精装 ,260,28357
二十一世纪花园一期 , 2室1厅 , 54平米 , 精装 ,91,16852
西城花园 , 3室2厅 , 116.93平米 , 简装 ,165,14112
锦苑三期 , 2室2厅 , 89平米 , 精装 ,95,10675
双楠谊苑一期 , 3室2厅 , 129.08平米 , 简装 ,180,13945
蓝光COCO时代 , 2室1厅 , 52.71平米 , 简装 ,102,19352
天府逸家一期 , 3室2厅 , 97平米 , 毛坯 ,130,13403
隆鑫九熙 , 3室2厅 , 93平米 , 精装 ,165,17742
小通巷2号 , 2室1厅 , 79.13平米 , 简装,130,16429
中信城左岸 , 3室2厅 , 87.1平米 , 毛坯 ,140,16074
春秋名邸 , 1室1厅 , 54.5平米 , 简装 ,60,11010
郫县一中教师小区 , 3室2厅 , 139.2平米 , 简装,76,5460
千和茗居 , 2室1厅 , 85.72平米 , 精装 ,140,16333
成华大道新鸿路24号 , 3室1厅 , 84.4平米 , 简装,116,13745
保利锦湖林语南区 , 3室1厅 , 95.66平米 , 简装 ,235,24567
蓝光富丽花城 , 3室2厅 , 82.97平米 , 毛坯 ,117.8,14198
朝阳时代西锦 , 3室2厅 , 121.39平米 , 简装 ,119,9804
锦江印象 , 2室1厅 , 81.29平米 , 简装 ,175,21528
城投东庐 , 3室1厅 , 87.17平米 , 毛坯,114,13078
南府锦 , 1室1厅 , 50.11平米 , 精装 ,99.5,19857
春天大道 , 2室1厅 , 88.36平米 , 简装 ,115,13015
中铁西郡英华二期 , 3室2厅 , 108.87平米 , 精装 ,116,10655
英郡三期 , 3室2厅 , 89.66平米 , 简装 ,195,21749
保利花园二期 , 3室2厅 , 99平米 , 简装 ,208,21011
人居天府汇城 , 3室1厅 , 98平米 , 毛坯 ,255,26021
中铁伊萨贝拉 , 1室1厅 , 46平米 , 简装 ,46,10000
锦苑三期 , 4室2厅 , 163.94平米 , 毛坯 ,246,15006
保利心语花园四期 , 3室2厅 , 90平米 , 简装 ,220,24445
太禾水晶城 , 2室2厅 , 92.55平米 , 简装 ,92,9941
金科一城 , 2室2厅 , 50.8平米 , 精装 ,80,15749
南城都汇汇馨园三期 , 2室2厅 , 89.57平米 , 毛坯 ,220,24562
金琴路南二巷2号 , 2室1厅 , 54.5平米 , 简装 ,56,10276
交大万嘉樟菊园 , 3室2厅 , 117.92平米 , 毛坯 ,112,9498
碧林 , 3室2厅 , 142.4平米 , 精装 ,235,16503
龙湖弗莱明戈一期 , 3室2厅 , 91.73平米 , 精装 ,130,14173
上品金沙 , 2室1厅 , 98.66平米 , 毛坯 ,200,20272
阳光100米娅中心二期 , 2室1厅 , 74.13平米 , 精装 ,120,16188
清溪瑞园 , 2室1厅 , 77.78平米 , 简装 ,96,12343
优客联邦一期 , 1室1厅 , 51.12平米 , 简装 ,99,19367
金牛幸福时光 , 2室1厅 , 94平米 , 简装 ,95,10107
新北佳苑 , 3室2厅 , 96.27平米 , 简装 ,150,15582
果壳里的城 , 2室2厅 , 76.9平米 , 精装 ,116,15085
世纪朝阳 , 3室2厅 , 124.69平米 , 简装 ,251,20130
翰林上岛 , 2室2厅 , 70.12平米 , 简装 ,90,12836
富邑华庭 , 3室1厅 , 89.98平米 , 简装 ,120,13337
东方惠城B区 , 2室1厅 , 75.04平米 , 精装 ,98,13060
中信未来城南区 , 3室1厅 , 91.51平米 , 简装 ,101,11038
西区花园晨之曦 , 2室1厅 , 79.06平米 , 精装 ,79.8,10094
西安中路一巷35号 , 3室1厅 , 84平米 , 毛坯 ,100,11905
澳龙名城 , 3室2厅 , 106.55平米 , 精装 ,265,24871
千居朝阳 , 3室2厅 , 126平米 , 精装 ,225,17858
青秀城 , 3室2厅 , 88.57平米 , 精装 ,146,16485
蓝光圣菲town城 , 2室2厅 , 68.69平米 , 简装 ,91,13248
揽胜金沙 , 2室1厅 , 58.84平米 , 精装 ,135,22944
揽胜金沙 , 2室1厅 , 58.84平米 , 精装 ,135,22944
金阳易诚国际 , 2室2厅 , 78.97平米 , 精装 ,125,15829
双玺 , 3室2厅 , 80.28平米 , 精装 ,172,21426
丽景华庭二期 , 4室2厅 , 156平米 , 简装 ,225,14424
蜀都花园 , 2室1厅 , 67.82平米 , 简装 ,115,16957
超洋花园 , 2室1厅 , 83.64平米 , 简装 ,123,14706
华润二十四城一期 , 5室2厅 , 144.01平米 , 简装 ,376,26110
时代豪庭一期 , 2室2厅 , 113.21平米 , 精装 ,388,34273
武成大街12号 , 3室2厅 , 112.34平米 , 精装 ,248,22076
蓝天路1号 , 2室1厅 , 87.13平米 , 毛坯 ,86,9871
欧香小镇 , 3室2厅 , 202.25平米 , 毛坯 ,299,14784
戛纳湾金棕榈 , 4室2厅 , 93.75平米 , 精装 ,170,18134
新鸿一区 , 2室1厅 , 58.5平米 , 毛坯 ,66.7,11395
都市金岸 , 2室2厅 , 84.42平米 , 简装 ,170,20138
卫雅苑 , 3室2厅 , 117.77平米 , 简装 ,145,12313
四季家园 , 3室2厅 , 107.45平米 , 简装 ,160,14891
上翔街32号 , 3室2厅 , 94.26平米 , 简装 ,195,20688
恒业星园 , 2室2厅 , 85.34平米 , 简装 ,112,13124
西岸观邸 , 3室2厅 , 92.83平米 , 精装 ,160,17236
双樱阁 , 1室1厅 , 55.17平米 , 精装 ,60,10876
城东雅郡 , 2室2厅 , 86.88平米 , 简装 ,178,20489
兴元丽都 , 2室1厅 , 81.59平米 , 简装 ,116,14218
华润翠林华庭 , 3室2厅 , 117.46平米 , 精装 ,230,19582
置信学府杏林一期 , 2室2厅 , 85.9平米 , 毛坯 ,77,8964
华润二十四城六期 , 2室2厅 , 70.04平米 , 精装 ,175,24986
中大君悦金沙七期君逸院 , 2室1厅 , 89平米 , 精装 ,210,23596
财富又一城 , 2室2厅 , 78.87平米 , 精装 ,164,20794
时代晶科名苑 , 3室2厅 , 152.3平米 , 简装 ,320,21012
中铁金花国际城 , 3室2厅 , 110.34平米 , 毛坯,172,15589
东方花园(成华) , 2室1厅 , 96.96平米 , 精装 ,178,18359
伊甸阳光 , 3室2厅 , 115.22平米 , 简装 ,232,20136
棕南正街9号 , 3室2厅 , 90.41平米 , 简装 ,120,13273
交大万嘉季柳园 , 2室2厅 , 88.33平米 , 毛坯 ,90,10190
时代花城三期 , 3室2厅 , 110.73平米 , 简装 ,97,8761
红树湾 , 4室1厅 , 116.72平米 , 简装 ,188,16107
北湖龙珠 , 2室2厅 , 87.65平米 , 简装,100,11410
保利玫瑰花语 , 3室2厅 , 88.79平米 , 简装 ,131,14754
红运花园馨苑 , 2室2厅 , 78平米 , 精装 ,84,10770
龙光君悦华庭一期 , 3室1厅 , 85平米 , 精装 ,90,10589
上置雅宾利 , 2室1厅 , 81.54平米 , 精装 ,82,10057
万达锦华城 , 2室1厅 , 85.76平米 , 简装 ,140,16325
中大君悦金沙五期 , 3室2厅 , 86.5平米 , 精装 ,246,28440
美年广场美岸 , 3室2厅 , 87.61平米 , 精装 ,228,26025
家益欣城 , 3室2厅 , 166.24平米 , 简装 ,206,12392
东方丽苑 , 2室1厅 , 69.93平米 , 简装,80,11441
保利花园二期 , 5室2厅 , 177平米 , 毛坯 ,390,22034
中华家园西区 , 3室2厅 , 136.64平米 , 毛坯 ,276,20200
红枫岭三期 , 2室2厅 , 88.54平米 , 简装 ,130,14683
华宇阳光水岸 , 2室2厅 , 79.69平米 , 精装 ,113,14180
龙湖北城天街一期 , 2室1厅 , 73平米 , 精装 ,133,18220
橙郡一期 , 3室2厅 , 130.23平米 , 精装 ,249,19121
时代豪庭四期 , 4室2厅 , 213.39平米 , 毛坯 ,660,30930
格调城 , 3室1厅 , 97.1平米 , 简装 ,108,11123
天府世家 , 3室2厅 , 93.65平米 , 简装 ,350,37374
佳兆业丽晶港 , 4室2厅 , 118.22平米 , 毛坯 ,175,14803
明阳家在回廊 , 3室2厅 , 92.66平米 , 精装 ,145,15649
长城半岛城邦三期 , 4室2厅 , 141平米 , 精装 ,480,34043
绿地锦天府 , 3室2厅 , 308.34平米 , 精装 ,768,24908
卫雅苑 , 3室2厅 , 117.77平米 , 简装 ,145,12313
家益欣城 , 3室2厅 , 130.36平米 , 精装 ,169,12965
武侯祠大街89号 , 2室2厅 , 87.25平米 , 简装 ,130,14900
橙郡三期 , 3室2厅 , 91.92平米 , 简装 ,146,15884
橙郡二期 , 3室2厅 , 88.47平米 , 精装 ,130,14695
美茵河谷 , 3室2厅 , 128平米 , 毛坯 ,153.8,12016
东麓驿境三期 , 3室2厅 , 106平米 , 精装 ,126,11887
蜀馨苑B区 , 2室1厅 , 88.53平米 , 简装 ,111,12539
中信未来城南区 , 3室2厅 , 94.99平米 , 精装 ,125,13160
蜀郡 , 3室2厅 , 132.85平米 , 毛坯 ,265,19948
蓝光圣菲town城 , 2室2厅 , 78.39平米 , 简装 ,105,13395
紫竹苑 , 3室2厅 , 109.12平米 , 精装 ,225,20620
世茂城二期 , 3室1厅 , 89平米 , 精装 ,128,14383
锦江城市花园三期 , 2室2厅 , 55.12平米 , 简装 ,90,16329
珠江国际花园 , 3室2厅 , 108.76平米 , 简装 ,129,11861
新城市广场 , 2室1厅 , 67.96平米 , 精装 ,148,21778
鸿阁一号 , 2室2厅 , 83.9平米 , 简装 ,127,15138
慕和南道 , 2室2厅 , 87.03平米 , 精装 ,135,15512
上东一号二期 , 2室1厅 , 71.27平米 , 精装 ,105,14733
金象花园二期 , 1室1厅 , 43.73平米 , 简装 ,65,14864
鹭湖宫五号社区 , 3室2厅 , 134.26平米 , 精装 ,130,9683
华宇阳光尚座 , 1室1厅 , 49.55平米 , 简装 ,70,14128
香澜半岛 , 2室1厅 , 84.3平米 , 精装 ,150,17794
玉林品上 , 2室1厅 , 85.42平米 , 精装 ,185,21658
保利公园198玫瑰郡 , 4室2厅 , 136.34平米 , 精装 ,165,12103
武侯花园 , 3室2厅 , 130.21平米 , 精装 ,169,12980
华润橡树湾B区 , 3室1厅 , 57.79平米 , 精装 ,115,19900
桐梓林壹号 , 3室2厅 , 127.98平米 , 毛坯 ,335,26176
光华碧邻 , 3室2厅 , 93.05平米 , 简装 ,160,17196
光华杏林 , 1室1厅 , 47.38平米 , 简装 ,65,13719
鑫苑名家二期 , 2室2厅 , 78.8平米 , 精装 ,128,16244
红枫岭三期 , 2室1厅 , 89平米 , 简装 ,130,14607
双玺 , 3室1厅 , 87.44平米 , 精装 ,185,21158
华西花园二期 , 2室2厅 , 84.42平米 , 精装 ,120,14215
交大智能一期南苑 , 2室2厅 , 69.24平米 , 简装 ,82,11843
东山国际新城D区 , 2室1厅 , 79.9平米 , 毛坯 ,90,11265
光华杏林 , 3室2厅 , 118.06平米 , 简装 ,164,13892
蓝光COCO金沙一期 , 3室1厅 , 89.64平米 , 精装 ,170,18965
观城 , 2室2厅 , 81.59平米 , 简装 ,172,21082
石化家园 , 2室1厅 , 77平米 , 简装 ,115,14936
蜀郡 , 3室2厅 , 119.75平米 , 精装 ,213,17788
慕和南道 , 3室2厅 , 136.68平米 , 精装 ,195,14267
经天路3号 , 2室1厅 , 71.43平米 , 简装 ,75,10500
中铁城锦南汇 , 4室2厅 , 111.88平米 , 毛坯 ,165,14748
中海城南一号一期 , 2室2厅 , 89平米 , 精装 ,303,34045
新神风金牛座 , 4室2厅 , 75.93平米 , 毛坯 ,98,12907
水岸格林 , 3室1厅 , 81.1平米 , 简装 ,166,20469
金科天籁城 , 1室1厅 , 65.54平米 , 简装,86,13122
上东锦城B区 , 2室2厅 , 87平米 , 简装 ,110,12644
华润二十四城二期 , 3室1厅 , 80.97平米 , 精装 ,210,25936
金桔花园一期 , 2室2厅 , 84.95平米 , 精装 ,100,11772
华馨名屋 , 2室2厅 , 75.31平米 , 精装 ,115,15271
灯笼街142号 , 2室1厅 , 74.96平米 , 简装,120,16009
金牛新都会 , 2室1厅 , 81.77平米 , 精装 ,130,15899
华润国际社区 , 3室1厅 , 78.76平米 , 精装 ,115,14602
金沙西园三期 , 4室2厅 , 135.9平米 , 精装 ,390,28698
佳年华新生活 , 2室1厅 , 65.32平米 , 简装 ,67,10258
皇家花园 , 2室1厅 , 65.71平米 , 简装 ,75,11414
华润橡树湾B区 , 4室3厅 , 51.35平米 , 毛坯 ,150,29212
居家福地 , 3室1厅 , 96.13平米 , 简装,98,10195
蓝光凯丽美域 , 2室2厅 , 73.5平米 , 精装 ,172,23402
花样年花郡 , 2室1厅 , 81.15平米 , 精装 ,150,18485
龙腾花园 , 1室2厅 , 54.43平米 , 简装 ,72,13228
时代花城豪庭二期 , 3室2厅 , 119.81平米 , 简装 ,101,8431
朗基龙堂 , 1室1厅 , 50.78平米 , 精装 ,120,23632
公园大道 , 4室2厅 , 108.5平米 , 简装 ,135,12443
光华逸家 , 3室2厅 , 70.99平米 , 精装 ,158,22257
红枫岭三期 , 3室2厅 , 90.09平米 , 精装 ,148,16429
中海翠屏湾 , 4室2厅 , 86.54平米 , 精装 ,175,20222
南湖国际社区 , 3室1厅 , 131.35平米 , 毛坯 ,188,14313
玉双路3号 , 3室2厅 , 139.27平米 , 精装 ,155,11130
城南晶座 , 3室2厅 , 96.11平米 , 简装 ,162,16856
中信城左岸 , 3室2厅 , 88.89平米 , 简装 ,125,14063
华润凤凰城一期 , 3室1厅 , 100.3平米 , 简装 ,235,23430
玲珑郡 , 2室1厅 , 63.23平米 , 简装 ,96.8,15310
汇锦公寓 , 3室2厅 , 99.68平米 , 精装 ,165,16553
光华干休所 , 4室1厅 , 97.6平米 , 简装 ,175,17931
翡翠城五期 , 3室2厅 , 88.81平米 , 精装 ,279,31416
九龙仓御园二期 , 3室2厅 , 147.95平米 , 毛坯 ,350,23657
天府长城图南多 , 2室2厅 , 80.63平米 , 简装 ,160,19844
中海名城一期 , 3室2厅 , 123.6平米 , 简装 ,266,21522
西财学府尚郡 , 3室1厅 , 94.41平米 , 毛坯 ,88,9322
教育学院教师公寓 , 3室2厅 , 123.54平米 , 简装 ,220,17808
牧电后街6号 , 3室2厅 , 91.53平米 , 简装,120,13111
首创东公元 , 3室2厅 , 89.82平米 , 简装 ,136,15142
瑞升望江橡树林二期 , 4室2厅 , 121.98平米 , 精装 ,340,27874
恒大城一期 , 3室2厅 , 108平米 , 精装 ,132,12223
成都花园上城 , 3室2厅 , 105.53平米 , 简装 ,259,24543
金地嘉年华城A区 , 3室2厅 , 124.29平米 , 毛坯 ,258,20758
御龙山一期 , 3室2厅 , 116.27平米 , 简装 ,275,23652
清溪雅筑 , 3室2厅 , 89.73平米 , 毛坯 ,118,13151
合能珍宝琥珀 , 3室2厅 , 81.91平米 , 简装 ,95,11599
金沙柏林郡 , 3室1厅 , 86.25平米 , 精装 ,158,18319
万科魅力之城三期 , 3室2厅 , 115.97平米 , 精装 ,210,18109
名士公馆 , 3室1厅 , 131.23平米 , 简装 ,240,18289
北欧知识城二期 , 3室1厅 , 87.65平米 , 毛坯 ,90,10269
西锦国际二期 , 3室2厅 , 108.59平米 , 毛坯 ,238,21918
和贵久居福 , 3室2厅 , 90.03平米 , 简装 ,108,11997
天空城 , 2室2厅 , 87.73平米 , 精装 ,135,15389
佳兆业丽晶港 , 4室2厅 , 120.59平米 , 简装 ,146,12108
华阳滨河花园 , 3室2厅 , 137.52平米 , 精装 ,176,12799
光华碧邻 , 3室2厅 , 90.32平米 , 简装 ,182,20151
光华逸家 , 3室1厅 , 74平米 , 简装 ,165,22298
中冶中央公园 , 3室1厅 , 88.48平米 , 毛坯 ,85,9607
东御饧 , 4室2厅 , 159.41平米 , 毛坯,320,20075
恒大城三期 , 3室2厅 , 89.1平米 , 精装 ,115,12907
中冶中央公园 , 3室2厅 , 78.57平米 , 精装 ,78,9928
蓝光锦绣城二期 , 2室2厅 , 81.63平米 , 精装 ,135,16539
万科城市花园 , 2室2厅 , 85.45平米 , 简装 ,225,26332
美洲花园棕榈湾 , 1室1厅 , 50.58平米 , 精装 ,75,14828
合能珍宝琥珀 , 2室1厅 , 65.2平米 , 精装 ,88,13497
武侯国际花园 , 1室2厅 , 66.72平米 , 简装 ,95,14239
南阳锦城锦绣阁 , 3室1厅 , 134.36平米 , 精装 ,118,8783
万景峰二期 , 3室2厅 , 75.45平米 , 精装 ,103,13652
金科天籁城 , 3室2厅 , 101.42平米 , 精装 ,170,16762
美丽合江 , 1室1厅 , 55.55平米 , 精装 ,115,20703
恋日家园G区 , 3室2厅 , 113平米 , 简装 ,111,9824
四季花城 , 3室2厅 , 101.51平米 , 精装 ,180,17733
林庭叠院 , 4室2厅 , 151.44平米 , 精装 ,298,19678
鸿禧花园 , 3室2厅 , 141.53平米 , 简装 ,225,15898
顶峰水岸汇景 , 2室2厅 , 87.05平米 , 简装 ,193,22172
保利紫薇花语 , 3室2厅 , 79.2平米 , 精装,110,13889
富丽锦城 , 3室2厅 , 114.09平米 , 简装 ,168,14726
会所花园 , 3室1厅 , 89.79平米 , 简装 ,122,13588
香木林领馆尚城 , 2室2厅 , 82平米 , 精装,128,15610
翔宇花园 , 3室3厅 , 127.7平米 , 简装 ,165,12921
兴城融域 , 2室2厅 , 86.72平米 , 毛坯 ,93,10725
电建地产云立方 , 2室2厅 , 80.1平米 , 简装 ,102,12735
金河谷五期 , 3室1厅 , 88.72平米 , 毛坯 ,106,11948
锦城苑(金牛) , 3室1厅 , 138.34平米 , 简装 ,192,13879
上行锦绣 , 2室2厅 , 72.18平米 , 简装 ,108,14963
下一站都市 , 1室1厅 , 59.16平米 , 精装 ,105,17749
雅居乐花园 , 3室2厅 , 126.88平米 , 毛坯 ,150,11823
园中园南苑 , 2室1厅 , 78.56平米 , 简装 ,89,11329
上锦美地 , 2室1厅 , 80.78平米 , 简装 ,142,17579
名流花园 , 2室2厅 , 81.31平米 , 简装 ,81,9962
北新国际广场 , 3室2厅 , 87.35平米 , 精装 ,102,11678
御龙山一期 , 3室2厅 , 135.4平米 , 毛坯 ,325,24003
南湖国际社区 , 3室2厅 , 121.81平米 , 精装 ,179,14696
成都后花园三期 , 3室1厅 , 100.65平米 , 毛坯 ,143,14208
元益花园 , 3室2厅 , 65.83平米 , 精装 ,132,20052
万科金域蓝湾一期 , 4室2厅 , 90.41平米 , 简装 ,320,35395
蜀郡 , 3室2厅 , 150.28平米 , 精装 ,270,17967
阳光100米娅中心一期 , 3室1厅 , 98.77平米 , 精装 ,180,18225
泡桐树街14号 , 3室2厅 , 91.26平米 , 毛坯,260,28491
东林城市花园 , 2室1厅 , 76.14平米 , 简装 ,96,12609
南延新苑 , 3室1厅 , 127.49平米 , 简装 ,220,17257
城市博客阳光里 , 1室1厅 , 50.29平米 , 简装 ,81,16107
温哥华花园 , 2室2厅 , 88.09平米 , 简装 ,110,12488
嘉祥瑞庭南城 , 2室2厅 , 76.44平米 , 毛坯 ,135,17661
中冶田园世界 , 3室1厅 , 89.53平米 , 简装 ,90,10053
绿地圣路易名邸一期 , 2室1厅 , 90.37平米 , 精装 ,150,16599
